<?xml version="1.0" encoding="UTF-8"?>
<LauncherLayout version="1534609247962">
	<PageCommon>
		<DefaultBackground><![CDATA[1080p_en/assets/images/thematic/background/bg.jpg]]></DefaultBackground>
		<FocusNavBgImg><![CDATA[]]></FocusNavBgImg>
		<Margin left="66" top="12" right="66" bottom="12" />
		<Spacing width="8" height="10" />
	</PageCommon>
	<PageList MaxPageNumber="20">
		<Page id="200284" order="1" width="5" height="2">
			<PageName><![CDATA[STORE]]></PageName>
			<PageBackground><![CDATA[]]></PageBackground>
			<FontStyle><![CDATA[normal]]></FontStyle>
			<FontSize>26</FontSize>
			<FontColor><![CDATA[#ffffff]]></FontColor>
			<Elements>
				<Element id="202516" type="image" left="1" top="1" width="2" height="1" />
				<Element id="202517" type="image" left="3" top="1" width="1" height="1" />
				<Element id="202519" type="image" left="1" top="2" width="2" height="1" />
				<Element id="202598" type="image" left="4" top="1" width="2" height="1" />
				<Element id="202600" type="image" left="4" top="2" width="2" height="1" />
				<Element id="202601" type="image" left="3" top="2" width="1" height="1" />
			</Elements>
		</Page>
		<Page id="200247" order="2" width="5" height="2">
			<PageName><![CDATA[VIDEOS]]></PageName>
			<PageBackground><![CDATA[]]></PageBackground>
			<FontStyle><![CDATA[normal]]></FontStyle>
			<FontSize>26</FontSize>
			<FontColor><![CDATA[#ffffff]]></FontColor>
			<Elements>
				<Element id="202498" type="image" left="1" top="1" width="2" height="1" />
				<Element id="202500" type="image" left="3" top="1" width="1" height="1" />
				<Element id="202501" type="image" left="4" top="1" width="1" height="1" />
				<Element id="202502" type="image" left="5" top="1" width="1" height="1" />
				<Element id="202503" type="image" left="1" top="2" width="1" height="1" />
				<Element id="202504" type="image" left="2" top="2" width="1" height="1" />
				<Element id="202505" type="image" left="3" top="2" width="1" height="1" />
				<Element id="202506" type="image" left="4" top="2" width="1" height="1" />
				<Element id="202507" type="image" left="5" top="2" width="1" height="1" />
			</Elements>
		</Page>
		<Page id="200246" order="3" width="5" height="2">
			<PageName><![CDATA[CHANNELS]]></PageName>
			<PageBackground><![CDATA[]]></PageBackground>
			<FontStyle><![CDATA[normal]]></FontStyle>
			<FontSize>26</FontSize>
			<FontColor><![CDATA[#ffffff]]></FontColor>
			<Elements>
				<Element id="202508" type="image" left="1" top="1" width="2" height="1" />
				<Element id="202509" type="image" left="3" top="1" width="1" height="1" />
				<Element id="202510" type="image" left="4" top="1" width="2" height="1" />
				<Element id="202511" type="image" left="1" top="2" width="1" height="1" />
				<Element id="202512" type="image" left="2" top="2" width="1" height="1" />
				<Element id="202513" type="image" left="3" top="2" width="1" height="1" />
				<Element id="202514" type="image" left="4" top="2" width="1" height="1" />
				<Element id="202515" type="image" left="5" top="2" width="1" height="1" />
			</Elements>
		</Page>
		<Page id="200285" order="4" width="5" height="2">
			<PageName><![CDATA[HOME]]></PageName>
			<PageBackground><![CDATA[]]></PageBackground>
			<FontStyle><![CDATA[normal]]></FontStyle>
			<FontSize>26</FontSize>
			<FontColor><![CDATA[#ffffff]]></FontColor>
			<Elements>
				<Element id="202521" type="image" left="1" top="1" width="2" height="1" />
				<Element id="202522" type="image" left="3" top="1" width="2" height="1" />
				<Element id="202523" type="image" left="5" top="1" width="1" height="1" />
				<Element id="202524" type="image" left="1" top="2" width="1" height="1" />
				<Element id="202525" type="image" left="2" top="2" width="1" height="1" />
				<Element id="202526" type="image" left="3" top="2" width="1" height="1" />
				<Element id="202527" type="image" left="4" top="2" width="1" height="1" />
				<Element id="202528" type="image" left="5" top="2" width="1" height="1" />
			</Elements>
		</Page>
		<Page id="200248" order="5" width="5" height="2">
			<PageName><![CDATA[APPS]]></PageName>
			<PageType><![CDATA[app]]></PageType>
			<PageBackground><![CDATA[]]></PageBackground>
			<FontStyle><![CDATA[normal]]></FontStyle>
			<FontSize>26</FontSize>
			<FontColor><![CDATA[#ffffff]]></FontColor>
			<Elements>
				<Element id="202432" type="image" left="1" top="1" width="1" height="1" />
				<Element id="202433" type="image" left="2" top="1" width="1" height="1" />
				<Element id="202434" type="image" left="3" top="1" width="1" height="1" />
				<Element id="202435" type="image" left="4" top="1" width="1" height="1" />
				<Element id="202436" type="image" left="5" top="1" width="1" height="1" />
				<Element id="202437" type="image" left="1" top="2" width="1" height="1" />
				<Element id="202438" type="image" left="2" top="2" width="1" height="1" />
				<Element id="202439" type="image" left="3" top="2" width="1" height="1" />
				<Element id="202440" type="image" left="4" top="2" width="1" height="1" />
				<Element id="202441" type="image" left="5" top="2" width="1" height="1" />
			</Elements>
		</Page>
		<Page id="200249" order="6" width="5" height="2">
			<PageName><![CDATA[SETTINGS]]></PageName>
			<PageType><![CDATA[setting]]></PageType>
			<PageBackground><![CDATA[]]></PageBackground>
			<FontStyle><![CDATA[normal]]></FontStyle>
			<FontSize>26</FontSize>
			<FontColor><![CDATA[#ffffff]]></FontColor>
			<Elements>
				<Element id="202422" type="image" left="1" top="1" width="1" height="1" />
				<Element id="202423" type="image" left="2" top="1" width="1" height="1" />
				<Element id="202424" type="image" left="3" top="1" width="1" height="1" />
				<Element id="202425" type="image" left="4" top="1" width="1" height="1" />
				<Element id="202426" type="image" left="5" top="1" width="1" height="1" />
				<Element id="202427" type="image" left="1" top="2" width="1" height="1" />
				<Element id="202428" type="image" left="2" top="2" width="1" height="1" />
				<Element id="202429" type="image" left="3" top="2" width="1" height="1" />
				<Element id="202430" type="image" left="4" top="2" width="1" height="1" />
				<Element id="202431" type="image" left="5" top="2" width="1" height="1" />
			</Elements>
		</Page>
	</PageList>
</LauncherLayout>