<?xml version="1.0" encoding="UTF-8"?>
<LauncherData version="1534152285505">
	<Navs type="text" backImg="" fontStyle="normal" fontSize="26" fontColor="#ffffff">
		<Nav id="200284" defaultfocus="false">
			<Name><![CDATA[STORE]]></Name>
			<Img><![CDATA[]]></Img>
			<BackGroundImg><![CDATA[1080p_en/assets/tk/HOME/hover_red.png]]></BackGroundImg>
			<FocusImg><![CDATA[]]></FocusImg>
		</Nav>
		<Nav id="200247" defaultfocus="false">
			<Name><![CDATA[VIDEOS]]></Name>
			<Img><![CDATA[]]></Img>
			<BackGroundImg><![CDATA[1080p_en/assets/tk/HOME/hover_red.png]]></BackGroundImg>
			<FocusImg><![CDATA[]]></FocusImg>
		</Nav>
		<Nav id="200285" defaultfocus="true">
			<Name><![CDATA[]]></Name>
			<Img><![CDATA[1080p_en/assets/images/comercial/f8641546-ddf9-462b-80aa-1480ce927c5a.png]]></Img>
			<BackGroundImg><![CDATA[]]></BackGroundImg>
			<FocusImg><![CDATA[1080p_en/assets/images/thematic/background/66577c04-b7db-4b19-b409-b0d7bdcc22f2.png]]></FocusImg>
		</Nav>
		<Nav id="200246" defaultfocus="false">
			<Name><![CDATA[CHANNELS]]></Name>
			<Img><![CDATA[]]></Img>
			<BackGroundImg><![CDATA[1080p_en/assets/tk/HOME/hover_red.png]]></BackGroundImg>
			<FocusImg><![CDATA[]]></FocusImg>
		</Nav>
		<Nav id="200248" defaultfocus="false">
			<Name><![CDATA[APPS]]></Name>
			<Img><![CDATA[]]></Img>
			<BackGroundImg><![CDATA[1080p_en/assets/tk/HOME/hover_red.png]]></BackGroundImg>
			<FocusImg><![CDATA[]]></FocusImg>
		</Nav>
		<Nav id="200249" defaultfocus="false">
			<Name><![CDATA[SETTINGS]]></Name>
			<Img><![CDATA[]]></Img>
			<BackGroundImg><![CDATA[1080p_en/assets/tk/HOME/hover_red.png]]></BackGroundImg>
			<FocusImg><![CDATA[]]></FocusImg>
		</Nav>
	</Navs>
	<Shortcuts>
		<Shortcut id="202586" type="NAV_LOGO" canfocus="true" >
			<Name><![CDATA[]]></Name>
			<Img><![CDATA[1080p_en/assets/images/99b41d76-e33a-4bda-91b4-8353f56778c3.png]]></Img>
			<FocusImg><![CDATA[]]></FocusImg>
			<ElementAction>
				<ActionType></ActionType>
				<ActionURL><![CDATA[]]></ActionURL>
				<Params>
				</Params>
			</ElementAction>
		</Shortcut>
		<Shortcut id="202075" type="NAV_SEARCH" canfocus="true" >
			<Name><![CDATA[]]></Name>
			<Img><![CDATA[1080p_en/assets/tk/HOME/134461f5-2e20-4ac4-b587-7aaddbe14a22.png]]></Img>
			<FocusImg><![CDATA[]]></FocusImg>
			<ElementAction>
				<ActionType></ActionType>
				<ActionURL><![CDATA[]]></ActionURL>
				<Params>
				</Params>
			</ElementAction>
			<ExtraData>
				<Param name="extra:intentMsg"><![CDATA[/iptvepg/frame/iptvEntry.jsp?Action=40]]></Param>
				<Param name="PackageName"><![CDATA[com.itv.android.iptv]]></Param>
			</ExtraData>
		</Shortcut>
		<Shortcut id="201839" type="NAV_CLOCK5" canfocus="true" >
			<Name><![CDATA[]]></Name>
			<Img><![CDATA[]]></Img>
			<FocusImg><![CDATA[]]></FocusImg>
			<ElementAction>
				<ActionType></ActionType>
				<ActionURL><![CDATA[]]></ActionURL>
				<Params>
				</Params>
			</ElementAction>
		</Shortcut>
		<Shortcut id="201843" type="NAV_SHOW_WIFI" canfocus="true" >
			<Name><![CDATA[]]></Name>
			<Img><![CDATA[]]></Img>
			<FocusImg><![CDATA[]]></FocusImg>
			<ElementAction>
				<ActionType></ActionType>
				<ActionURL><![CDATA[]]></ActionURL>
				<Params>
				</Params>
			</ElementAction>
		</Shortcut>
		<Shortcut id="201842" type="NAV_USER_LOGIN" canfocus="true" >
			<Name><![CDATA[]]></Name>
			<Img><![CDATA[1080p_en/assets/tk/HOME/58dc2f10-3287-4d9b-a2ad-c88bde284f04.png]]></Img>
			<FocusImg><![CDATA[1080p_en/assets/tk/HOME/1c5d769e-7224-4c95-9f19-e41eca6c0814.png]]></FocusImg>
			<ElementAction>
				<ActionType>4</ActionType>
				<ActionURL><![CDATA[/iptvepg/frame/iptvEntry.jsp?Action=20]]></ActionURL>
				<Params>
					<Param name="ActionName">com.android.ctc.iptv</Param>
				</Params>
			</ElementAction>
			<ExtraData>
				<Param name="ExtraDataType"><![CDATA[ott]]></Param>
				<Param name="index"><![CDATA[4]]></Param>
			</ExtraData>
		</Shortcut>
		<Shortcut id="201841" type="NAV_HELP" canfocus="true" >
			<Name><![CDATA[]]></Name>
			<Img><![CDATA[1080p_en/assets/tk/HOME/e2cb364a-904b-44f6-afac-f75d35e0522b.png]]></Img>
			<FocusImg><![CDATA[1080p_en/assets/tk/HOME/af694bd1-53e8-4a49-8f50-9de7e4be761c.png]]></FocusImg>
			<ElementAction>
				<ActionType>4</ActionType>
				<ActionURL><![CDATA[/iptvepg/frame/iptvEntry.jsp?Action=6]]></ActionURL>
				<Params>
					<Param name="ActionName">com.android.ctc.iptv</Param>
				</Params>
			</ElementAction>
			<ExtraData>
				<Param name="ExtraDataType"><![CDATA[ott]]></Param>
			</ExtraData>
		</Shortcut>
	</Shortcuts>
</LauncherData>