<?xml version="1.0" encoding="UTF-8"?>
<LauncherData id="200248" version="1534152285505">
	<Elements>
		<Element id="202432" type="image" canfocus="true" autoswitchtime="4">
			<ElementDatas>
				<ElementData order="">
					<ElementName><![CDATA[Add1]]></ElementName>
					<ElementDesc><![CDATA[Add1]]></ElementDesc>
					<ElementStatisticDesc><![CDATA[]]></ElementStatisticDesc>
					<ContentURL><![CDATA[1080p_en/assets/images/comercial/apps_bg_normal.png]]></ContentURL>
					<BackGroundContentURL><![CDATA[]]></BackGroundContentURL>
					<FocusContentURL><![CDATA[1080p_en/assets/images/thematic/apps/597d7112-c348-4e67-bb75-ce332aa42194.png]]></FocusContentURL>
					<ElementAction>
						<ActionType>7</ActionType>
						<ActionURL><![CDATA[]]></ActionURL>
						<Params>
							<Param name="ActionName"><![CDATA[]]></Param>
						</Params>
					</ElementAction>
					<ExtraData>
						<Param name="ExtraDataType"><![CDATA[ShortCutApp]]></Param>
						<Param name="index"><![CDATA[0]]></Param>
						<Param name="name"><![CDATA[Add]]></Param>
					</ExtraData>
				</ElementData>
			</ElementDatas>
		</Element>
		<Element id="202433" type="image" canfocus="true" autoswitchtime="4">
			<ElementDatas>
				<ElementData order="">
					<ElementName><![CDATA[Add2]]></ElementName>
					<ElementDesc><![CDATA[Add2]]></ElementDesc>
					<ElementStatisticDesc><![CDATA[]]></ElementStatisticDesc>
					<ContentURL><![CDATA[1080p_en/assets/images/comercial/apps_bg_normal.png]]></ContentURL>
					<BackGroundContentURL><![CDATA[]]></BackGroundContentURL>
					<FocusContentURL><![CDATA[1080p_en/assets/images/thematic/apps/597d7112-c348-4e67-bb75-ce332aa42194.png]]></FocusContentURL>
					<ElementAction>
						<ActionType>7</ActionType>
						<ActionURL><![CDATA[]]></ActionURL>
						<Params>
							<Param name="ActionName"><![CDATA[]]></Param>
						</Params>
					</ElementAction>
					<ExtraData>
						<Param name="ExtraDataType"><![CDATA[ShortCutApp]]></Param>
						<Param name="index"><![CDATA[1]]></Param>
						<Param name="name"><![CDATA[Add]]></Param>
					</ExtraData>
				</ElementData>
			</ElementDatas>
		</Element>
		<Element id="202434" type="image" canfocus="true" autoswitchtime="4">
			<ElementDatas>
				<ElementData order="">
					<ElementName><![CDATA[Add3]]></ElementName>
					<ElementDesc><![CDATA[Add3]]></ElementDesc>
					<ElementStatisticDesc><![CDATA[]]></ElementStatisticDesc>
					<ContentURL><![CDATA[1080p_en/assets/images/comercial/apps_bg_normal.png]]></ContentURL>
					<BackGroundContentURL><![CDATA[]]></BackGroundContentURL>
					<FocusContentURL><![CDATA[1080p_en/assets/images/thematic/apps/597d7112-c348-4e67-bb75-ce332aa42194.png]]></FocusContentURL>
					<ElementAction>
						<ActionType>7</ActionType>
						<ActionURL><![CDATA[]]></ActionURL>
						<Params>
							<Param name="ActionName"><![CDATA[]]></Param>
						</Params>
					</ElementAction>
					<ExtraData>
						<Param name="ExtraDataType"><![CDATA[ShortCutApp]]></Param>
						<Param name="index"><![CDATA[2]]></Param>
						<Param name="name"><![CDATA[Add]]></Param>
					</ExtraData>
				</ElementData>
			</ElementDatas>
		</Element>
		<Element id="202435" type="image" canfocus="true" autoswitchtime="4">
			<ElementDatas>
				<ElementData order="">
					<ElementName><![CDATA[Add4]]></ElementName>
					<ElementDesc><![CDATA[Add4]]></ElementDesc>
					<ElementStatisticDesc><![CDATA[]]></ElementStatisticDesc>
					<ContentURL><![CDATA[1080p_en/assets/images/comercial/apps_bg_normal.png]]></ContentURL>
					<BackGroundContentURL><![CDATA[]]></BackGroundContentURL>
					<FocusContentURL><![CDATA[1080p_en/assets/images/thematic/apps/597d7112-c348-4e67-bb75-ce332aa42194.png]]></FocusContentURL>
					<ElementAction>
						<ActionType>7</ActionType>
						<ActionURL><![CDATA[]]></ActionURL>
						<Params>
						</Params>
					</ElementAction>
					<ExtraData>
						<Param name="ExtraDataType"><![CDATA[ShortCutApp]]></Param>
						<Param name="index"><![CDATA[3]]></Param>
						<Param name="name"><![CDATA[Add]]></Param>
					</ExtraData>
				</ElementData>
			</ElementDatas>
		</Element>
		<Element id="202436" type="image" canfocus="true" autoswitchtime="4">
			<ElementDatas>
				<ElementData order="">
					<ElementName><![CDATA[Add5]]></ElementName>
					<ElementDesc><![CDATA[Add5]]></ElementDesc>
					<ElementStatisticDesc><![CDATA[]]></ElementStatisticDesc>
					<ContentURL><![CDATA[1080p_en/assets/images/comercial/apps_bg_normal.png]]></ContentURL>
					<BackGroundContentURL><![CDATA[]]></BackGroundContentURL>
					<FocusContentURL><![CDATA[1080p_en/assets/images/thematic/apps/597d7112-c348-4e67-bb75-ce332aa42194.png]]></FocusContentURL>
					<ElementAction>
						<ActionType>7</ActionType>
						<ActionURL><![CDATA[]]></ActionURL>
						<Params>
						</Params>
					</ElementAction>
					<ExtraData>
						<Param name="ExtraDataType"><![CDATA[ShortCutApp]]></Param>
						<Param name="index"><![CDATA[4]]></Param>
						<Param name="name"><![CDATA[Add]]></Param>
					</ExtraData>
				</ElementData>
			</ElementDatas>
		</Element>
		<Element id="202437" type="image" canfocus="true" autoswitchtime="4">
			<ElementDatas>
				<ElementData order="">
					<ElementName><![CDATA[Add6]]></ElementName>
					<ElementDesc><![CDATA[Add6]]></ElementDesc>
					<ElementStatisticDesc><![CDATA[]]></ElementStatisticDesc>
					<ContentURL><![CDATA[1080p_en/assets/images/comercial/apps_bg_normal.png]]></ContentURL>
					<BackGroundContentURL><![CDATA[]]></BackGroundContentURL>
					<FocusContentURL><![CDATA[1080p_en/assets/images/thematic/apps/597d7112-c348-4e67-bb75-ce332aa42194.png]]></FocusContentURL>
					<ElementAction>
						<ActionType>7</ActionType>
						<ActionURL><![CDATA[]]></ActionURL>
						<Params>
						</Params>
					</ElementAction>
					<ExtraData>
						<Param name="ExtraDataType"><![CDATA[ShortCutApp]]></Param>
						<Param name="index"><![CDATA[5]]></Param>
						<Param name="name"><![CDATA[Add]]></Param>
					</ExtraData>
				</ElementData>
			</ElementDatas>
		</Element>
		<Element id="202438" type="image" canfocus="true" autoswitchtime="4">
			<ElementDatas>
				<ElementData order="">
					<ElementName><![CDATA[Add7]]></ElementName>
					<ElementDesc><![CDATA[Add7]]></ElementDesc>
					<ElementStatisticDesc><![CDATA[]]></ElementStatisticDesc>
					<ContentURL><![CDATA[1080p_en/assets/images/comercial/apps_bg_normal.png]]></ContentURL>
					<BackGroundContentURL><![CDATA[]]></BackGroundContentURL>
					<FocusContentURL><![CDATA[1080p_en/assets/images/thematic/apps/597d7112-c348-4e67-bb75-ce332aa42194.png]]></FocusContentURL>
					<ElementAction>
						<ActionType>7</ActionType>
						<ActionURL><![CDATA[]]></ActionURL>
						<Params>
						</Params>
					</ElementAction>
					<ExtraData>
						<Param name="ExtraDataType"><![CDATA[ShortCutApp]]></Param>
						<Param name="index"><![CDATA[6]]></Param>
						<Param name="name"><![CDATA[Add]]></Param>
					</ExtraData>
				</ElementData>
			</ElementDatas>
		</Element>
		<Element id="202439" type="image" canfocus="true" autoswitchtime="4">
			<ElementDatas>
				<ElementData order="">
					<ElementName><![CDATA[Add8]]></ElementName>
					<ElementDesc><![CDATA[Add8]]></ElementDesc>
					<ElementStatisticDesc><![CDATA[]]></ElementStatisticDesc>
					<ContentURL><![CDATA[1080p_en/assets/images/comercial/apps_bg_normal.png]]></ContentURL>
					<BackGroundContentURL><![CDATA[]]></BackGroundContentURL>
					<FocusContentURL><![CDATA[1080p_en/assets/images/thematic/apps/597d7112-c348-4e67-bb75-ce332aa42194.png]]></FocusContentURL>
					<ElementAction>
						<ActionType>7</ActionType>
						<ActionURL><![CDATA[]]></ActionURL>
						<Params>
						</Params>
					</ElementAction>
					<ExtraData>
						<Param name="ExtraDataType"><![CDATA[ShortCutApp]]></Param>
						<Param name="index"><![CDATA[7]]></Param>
						<Param name="name"><![CDATA[Add]]></Param>
					</ExtraData>
				</ElementData>
			</ElementDatas>
		</Element>
		<Element id="202440" type="image" canfocus="true" autoswitchtime="4">
			<ElementDatas>
				<ElementData order="">
					<ElementName><![CDATA[Add9]]></ElementName>
					<ElementDesc><![CDATA[Add9]]></ElementDesc>
					<ElementStatisticDesc><![CDATA[]]></ElementStatisticDesc>
					<ContentURL><![CDATA[1080p_en/assets/images/comercial/apps_bg_normal.png]]></ContentURL>
					<BackGroundContentURL><![CDATA[]]></BackGroundContentURL>
					<FocusContentURL><![CDATA[1080p_en/assets/images/thematic/apps/597d7112-c348-4e67-bb75-ce332aa42194.png]]></FocusContentURL>
					<ElementAction>
						<ActionType>7</ActionType>
						<ActionURL><![CDATA[]]></ActionURL>
						<Params>
						</Params>
					</ElementAction>
					<ExtraData>
						<Param name="ExtraDataType"><![CDATA[ShortCutApp]]></Param>
						<Param name="index"><![CDATA[8]]></Param>
						<Param name="name"><![CDATA[Add]]></Param>
					</ExtraData>
				</ElementData>
			</ElementDatas>
		</Element>
		<Element id="202441" type="image" canfocus="true" autoswitchtime="4">
			<ElementDatas>
				<ElementData order="">
					<ElementName><![CDATA[All_apps]]></ElementName>
					<ElementDesc><![CDATA[All_apps]]></ElementDesc>
					<ElementStatisticDesc><![CDATA[]]></ElementStatisticDesc>
					<ContentURL><![CDATA[1080p_en/assets/images/comercial/apps_bg_normal.png]]></ContentURL>
					<BackGroundContentURL><![CDATA[]]></BackGroundContentURL>
					<FocusContentURL><![CDATA[1080p_en/assets/images/thematic/apps/597d7112-c348-4e67-bb75-ce332aa42194.png]]></FocusContentURL>
					<ElementAction>
						<ActionType>7</ActionType>
						<ActionURL><![CDATA[]]></ActionURL>
						<Params>
							<Param name="ActionName"><![CDATA[]]></Param>
						</Params>
					</ElementAction>
					<ExtraData>
						<Param name="ExtraDataType"><![CDATA[AllApp]]></Param>
						<Param name="index"><![CDATA[9]]></Param>
						<Param name="name"><![CDATA[All Apps]]></Param>
					</ExtraData>
				</ElementData>
			</ElementDatas>
		</Element>
	</Elements>
</LauncherData>