<?xml version="1.0" encoding="UTF-8"?>
<LauncherData id="200285" version="1535384130864">
	<Elements>
		<Element id="202521" type="image" canfocus="true" autoswitchtime="4">
			<ElementDatas>
				<ElementData order="">
					<ElementName><![CDATA[gelorasiangames]]></ElementName>
					<ElementDesc><![CDATA[gelorasiangames]]></ElementDesc>
					<ElementStatisticDesc><![CDATA[]]></ElementStatisticDesc>
					<ContentURL><![CDATA[1080p_en/assets/images/Ads_Banner/DJI_0007.JPG]]></ContentURL>
					<BackGroundContentURL><![CDATA[]]></BackGroundContentURL>
					<FocusContentURL><![CDATA[]]></FocusContentURL>
					<ElementAction>
						<ActionType>4</ActionType>
						<ActionURL><![CDATA[/iptvepg/frame/iptvEntry.jsp?Action=77]]></ActionURL>
						<Params>
							<Param name="ActionName"><![CDATA[com.android.ctc.iptv]]></Param>
						</Params>
					</ElementAction>
					<ExtraData>
						<Param name="ExtraDataType"><![CDATA[ott]]></Param>
					</ExtraData>
				</ElementData>
				<ElementData order="">
					<ElementName><![CDATA[comedystand]]></ElementName>
					<ElementDesc><![CDATA[comedystand]]></ElementDesc>
					<ElementStatisticDesc><![CDATA[]]></ElementStatisticDesc>
					<ContentURL><![CDATA[1080p_en/assets/images/Ads_Banner/DJI_0010.JPG]]></ContentURL>
					<BackGroundContentURL><![CDATA[]]></BackGroundContentURL>
					<FocusContentURL><![CDATA[]]></FocusContentURL>
					<ElementAction>
						<ActionType></ActionType>
						<ActionURL><![CDATA[/iptvepg/frame/iptvEntry.jsp?Action=77]]></ActionURL>
						<Params>
						</Params>
					</ElementAction>
					<ExtraData>
						<Param name="ExtraDataType"><![CDATA[ott]]></Param>
					</ExtraData>
				</ElementData>
				<ElementData order="">
					<ElementName><![CDATA[devilishhappines]]></ElementName>
					<ElementDesc><![CDATA[devilishhappines]]></ElementDesc>
					<ElementStatisticDesc><![CDATA[]]></ElementStatisticDesc>
					<ContentURL><![CDATA[1080p_en/assets/images/Ads_Banner/DJI_0014.JPG]]></ContentURL>
					<BackGroundContentURL><![CDATA[]]></BackGroundContentURL>
					<FocusContentURL><![CDATA[]]></FocusContentURL>
					<ElementAction>
						<ActionType></ActionType>
						<ActionURL><![CDATA[]]></ActionURL>
						<Params>
						</Params>
					</ElementAction>
				</ElementData>
				<ElementData order="">
					<ElementName><![CDATA[womanonpatrol]]></ElementName>
					<ElementDesc><![CDATA[womanonpatrol]]></ElementDesc>
					<ElementStatisticDesc><![CDATA[]]></ElementStatisticDesc>
					<ContentURL><![CDATA[1080p_en/assets/images/Ads_Banner/DJI_0018.JPG]]></ContentURL>
					<BackGroundContentURL><![CDATA[]]></BackGroundContentURL>
					<FocusContentURL><![CDATA[]]></FocusContentURL>
					<ElementAction>
						<ActionType></ActionType>
						<ActionURL><![CDATA[/iptvepg/frame/iptvEntry.jsp?Action=77]]></ActionURL>
						<Params>
						</Params>
					</ElementAction>
					<ExtraData>
						<Param name="ExtraDataType"><![CDATA[ott]]></Param>
					</ExtraData>
				</ElementData>
				<ElementData order="">
					<ElementName><![CDATA[gempitaasiangames]]></ElementName>
					<ElementDesc><![CDATA[gempitaasiangames]]></ElementDesc>
					<ElementStatisticDesc><![CDATA[]]></ElementStatisticDesc>
					<ContentURL><![CDATA[1080p_en/assets/images/Ads_Banner/DJI_0022.JPG]]></ContentURL>
					<BackGroundContentURL><![CDATA[]]></BackGroundContentURL>
					<FocusContentURL><![CDATA[]]></FocusContentURL>
					<ElementAction>
						<ActionType>4</ActionType>
						<ActionURL><![CDATA[/iptvepg/frame/iptvEntry.jsp?Action=77]]></ActionURL>
						<Params>
							<Param name="ActionName"><![CDATA[com.android.ctc.iptv]]></Param>
						</Params>
					</ElementAction>
					<ExtraData>
						<Param name="ExtraDataType"><![CDATA[ott]]></Param>
					</ExtraData>
				</ElementData>
			</ElementDatas>
		</Element>
		<Element id="202522" type="image" canfocus="true" defaultfocus="true" autoswitchtime="4">
			<ElementDatas>
				<ElementData order="">
					<ElementName><![CDATA[TV_Channels]]></ElementName>
					<ElementDesc><![CDATA[TV_Channels]]></ElementDesc>
					<ElementStatisticDesc><![CDATA[]]></ElementStatisticDesc>
					<ContentURL><![CDATA[1080p_en/assets/images/thematic/thematic/fb27f3cf-d9c3-4fe4-a6c2-7def12bb1391.png]]></ContentURL>
					<BackGroundContentURL><![CDATA[]]></BackGroundContentURL>
					<FocusContentURL><![CDATA[1080p_en/assets/images/thematic/thematic/36d20573-4224-4f0c-8ea6-3e1c8d6902ed.png]]></FocusContentURL>
					<ElementAction>
						<ActionType>4</ActionType>
						<ActionURL><![CDATA[/iptvepg/frame/iptvEntry.jsp?Action=3]]></ActionURL>
						<Params>
							<Param name="ActionName"><![CDATA[com.android.ctc.iptv]]></Param>
						</Params>
					</ElementAction>
					<ExtraData>
						<Param name="ExtraDataType"><![CDATA[ott]]></Param>
						<Param name="index"><![CDATA[1]]></Param>
						<Param name="name"><![CDATA[TV Channels]]></Param>
					</ExtraData>
				</ElementData>
			</ElementDatas>
		</Element>
		<Element id="202523" type="image" canfocus="true" autoswitchtime="4">
			<ElementDatas>
				<ElementData order="">
					<ElementName><![CDATA[user_guide]]></ElementName>
					<ElementDesc><![CDATA[user_guide]]></ElementDesc>
					<ElementStatisticDesc><![CDATA[]]></ElementStatisticDesc>
					<ContentURL><![CDATA[1080p_en/assets/images/thematic/thematic_home/netflix.png]]></ContentURL>
					<BackGroundContentURL><![CDATA[]]></BackGroundContentURL>
					<FocusContentURL><![CDATA[1080p_en/assets/images/thematic/thematic_home/netflix_focus.png]]></FocusContentURL>
					<ElementAction>
						<ActionType>4</ActionType>
						<ActionURL><![CDATA[]]></ActionURL>
						<Params>
							<Param name="PackageName"><![CDATA[com.netflix.mediaclient]]></Param>
						</Params>
					</ElementAction>
					<ExtraData>
						<Param name="ExtraDataType"><![CDATA[ott]]></Param>
						<Param name="name"><![CDATA[Netflix]]></Param>
					</ExtraData>
				</ElementData>
			</ElementDatas>
		</Element>
		<Element id="202524" type="image" canfocus="true" autoswitchtime="4">
			<ElementDatas>
				<ElementData order="">
					<ElementName><![CDATA[Last_Viewed]]></ElementName>
					<ElementDesc><![CDATA[Last_Viewed]]></ElementDesc>
					<ElementStatisticDesc><![CDATA[]]></ElementStatisticDesc>
					<ContentURL><![CDATA[1080p_en/assets/images/thematic/thematic/da39d45b-e32d-46a7-bc4b-fd3da6e20595.png]]></ContentURL>
					<BackGroundContentURL><![CDATA[]]></BackGroundContentURL>
					<FocusContentURL><![CDATA[1080p_en/assets/images/thematic/thematic/7b14a3ea-38de-4d29-b4ba-ca84e32abeec.png]]></FocusContentURL>
					<ElementAction>
						<ActionType>4</ActionType>
						<ActionURL><![CDATA[/iptvepg/frame/iptvEntry.jsp?Action=1]]></ActionURL>
						<Params>
							<Param name="ActionName"><![CDATA[com.android.ctc.iptv]]></Param>
						</Params>
					</ElementAction>
					<ExtraData>
						<Param name="name"><![CDATA[TV Guide]]></Param>
						<Param name="index"><![CDATA[6]]></Param>
						<Param name="ExtraDataType"><![CDATA[ott]]></Param>
					</ExtraData>
				</ElementData>
			</ElementDatas>
		</Element>
		<Element id="202525" type="image" canfocus="true" autoswitchtime="4">
			<ElementDatas>
				<ElementData order="">
					<ElementName><![CDATA[TVOD]]></ElementName>
					<ElementDesc><![CDATA[TVOD]]></ElementDesc>
					<ElementStatisticDesc><![CDATA[]]></ElementStatisticDesc>
					<ContentURL><![CDATA[1080p_en/assets/images/thematic/thematic_home/997cb654-24a7-4c2c-ab31-256115f99301.png]]></ContentURL>
					<BackGroundContentURL><![CDATA[]]></BackGroundContentURL>
					<FocusContentURL><![CDATA[1080p_en/assets/images/thematic/thematic_home/ce1e9828-efe6-4ef8-a3c1-c782362eeaa5.png]]></FocusContentURL>
					<ElementAction>
						<ActionType>4</ActionType>
						<ActionURL><![CDATA[/iptvepg/frame/iptvEntry.jsp?Action=4]]></ActionURL>
						<Params>
							<Param name="ActionName"><![CDATA[com.android.ctc.iptv]]></Param>
						</Params>
					</ElementAction>
					<ExtraData>
						<Param name="index"><![CDATA[7]]></Param>
						<Param name="ExtraDataType"><![CDATA[ott]]></Param>
					</ExtraData>
				</ElementData>
			</ElementDatas>
		</Element>
		<Element id="202526" type="image" canfocus="true" autoswitchtime="4">
			<ElementDatas>
				<ElementData order="">
					<ElementName><![CDATA[TV_guide]]></ElementName>
					<ElementDesc><![CDATA[TV_guide]]></ElementDesc>
					<ElementStatisticDesc><![CDATA[]]></ElementStatisticDesc>
					<ContentURL><![CDATA[1080p_en/assets/images/thematic/thematic_home/youtube_tv.png]]></ContentURL>
					<BackGroundContentURL><![CDATA[]]></BackGroundContentURL>
					<FocusContentURL><![CDATA[1080p_en/assets/images/thematic/thematic_home/youtube_tv-focus.png]]></FocusContentURL>
					<ElementAction>
						<ActionType>4</ActionType>
						<ActionURL><![CDATA[]]></ActionURL>
						<Params>
							<Param name="PackageName"><![CDATA[com.google.android.youtube.tv]]></Param>
						</Params>
					</ElementAction>
					<ExtraData>
						<Param name="ExtraDataType"><![CDATA[ott]]></Param>
						<Param name="index"><![CDATA[4]]></Param>
						<Param name="name"><![CDATA[YouTube TV]]></Param>
					</ExtraData>
				</ElementData>
			</ElementDatas>
		</Element>
		<Element id="202527" type="image" canfocus="true" autoswitchtime="4">
			<ElementDatas>
				<ElementData order="">
					<ElementName><![CDATA[My_Favorite]]></ElementName>
					<ElementDesc><![CDATA[My_Favorite]]></ElementDesc>
					<ElementStatisticDesc><![CDATA[]]></ElementStatisticDesc>
					<ContentURL><![CDATA[1080p_en/assets/images/thematic/thematic_home/magicbox.png]]></ContentURL>
					<BackGroundContentURL><![CDATA[]]></BackGroundContentURL>
					<FocusContentURL><![CDATA[1080p_en/assets/images/thematic/thematic_home/magicbox_focus.png]]></FocusContentURL>
					<ElementAction>
						<ActionType>4</ActionType>
						<ActionURL><![CDATA[]]></ActionURL>
						<Params>
							<Param name="PackageName"><![CDATA[xyz.mgmob.app]]></Param>
						</Params>
					</ElementAction>
					<ExtraData>
						<Param name="name"><![CDATA[MagicBox]]></Param>
						<Param name="ExtraDataType"><![CDATA[ott]]></Param>
						<Param name="index"><![CDATA[5]]></Param>
					</ExtraData>
				</ElementData>
			</ElementDatas>
		</Element>
		<Element id="202528" type="image" canfocus="true" autoswitchtime="4">
			<ElementDatas>
				<ElementData order="">
					<ElementName><![CDATA[Top_Program]]></ElementName>
					<ElementDesc><![CDATA[Top_Program]]></ElementDesc>
					<ElementStatisticDesc><![CDATA[]]></ElementStatisticDesc>
					<ContentURL><![CDATA[1080p_en/assets/images/thematic/thematic_home/settings.png]]></ContentURL>
					<BackGroundContentURL><![CDATA[]]></BackGroundContentURL>
					<FocusContentURL><![CDATA[1080p_en/assets/images/thematic/thematic_home/settings_focus.png]]></FocusContentURL>
					<ElementAction>
						<ActionType>4</ActionType>
						<ActionURL><![CDATA[]]></ActionURL>
						<Params>
							<Param name="PackageName"><![CDATA[com.android.tv.settings]]></Param>
						</Params>
					</ElementAction>
					<ExtraData>
						<Param name="name"><![CDATA[Settings]]></Param>
						<Param name="ExtraDataType"><![CDATA[ott]]></Param>
					</ExtraData>
				</ElementData>
			</ElementDatas>
		</Element>
	</Elements>
</LauncherData>