<?xml version="1.0" encoding="UTF-8"?>
<Launcher>
	<Pctkey value="COPY20OFy7pi8f"/>
	<Config startTime="" endTime=""/>
	<Layout version="1534609247962" file="1080p_en/launcher_layout.xml"/>
	<CommonData version="1534152285505" file="1080p_en/launcher_data_common.xml"/>
	<Pages>
		<Page id="200284" version="1535016220196" file="1080p_en/launcher_data_page_200284.xml"/>
		<Page id="200247" version="1535299274376" file="1080p_en/launcher_data_page_200247.xml"/>
		<Page id="200246" version="1535299274376" file="1080p_en/launcher_data_page_200246.xml"/>
		<Page id="200285" version="1535384130864" file="1080p_en/launcher_data_page_200285.xml"/>
		<Page id="200248" version="1534152285505" file="1080p_en/launcher_data_page_200248.xml"/>
		<Page id="200249" version="1534152285505" file="1080p_en/launcher_data_page_200249.xml"/>
	</Pages>
    <Resource version="1535384130864" file="1080p_enAll.zip" filesize="2279838" filesign="e9eddf6b5088172a3094528558e33940"/>
</Launcher>
