<?xml version="1.0" encoding="UTF-8"?>
<LauncherData id="200255" version="1525229599946">
	<Elements>
		<Element id="201938" type="image" canfocus="true" autoswitchtime="4">
			<ElementDatas>
				<ElementData order="">
					<ElementName><![CDATA[Parental_control]]></ElementName>
					<ElementDesc><![CDATA[Parental_control]]></ElementDesc>
					<ElementStatisticDesc><![CDATA[]]></ElementStatisticDesc>
					<ContentURL><![CDATA[1080p_id/assets/images/thematic/settings/11bb7563-aeb4-4117-9320-b09b9b05aba8.png]]></ContentURL>
					<BackGroundContentURL><![CDATA[]]></BackGroundContentURL>
					<FocusContentURL><![CDATA[1080p_id/assets/images/thematic/settings/75c6ef85-e573-49e3-8c5d-12866333405d.png]]></FocusContentURL>
					<ElementAction>
						<ActionType>4</ActionType>
						<ActionURL><![CDATA[/iptvepg/frame/iptvEntry.jsp?Action=29]]></ActionURL>
						<Params>
							<Param name="ActionName"><![CDATA[com.android.ctc.iptv]]></Param>
						</Params>
					</ElementAction>
					<ExtraData>
						<Param name="ExtraDataType"><![CDATA[ott]]></Param>
						<Param name="index"><![CDATA[0]]></Param>
						<Param name="name"><![CDATA[Pengawasan Orang Tua]]></Param>
					</ExtraData>
				</ElementData>
			</ElementDatas>
		</Element>
		<Element id="201939" type="image" canfocus="true" autoswitchtime="4">
			<ElementDatas>
				<ElementData order="">
					<ElementName><![CDATA[Channel_Lineup]]></ElementName>
					<ElementDesc><![CDATA[Channel_Lineup]]></ElementDesc>
					<ElementStatisticDesc><![CDATA[]]></ElementStatisticDesc>
					<ContentURL><![CDATA[1080p_id/assets/images/thematic/settings/0958cf12-dc59-420e-baf4-cd29bbacde28.png]]></ContentURL>
					<BackGroundContentURL><![CDATA[]]></BackGroundContentURL>
					<FocusContentURL><![CDATA[1080p_id/assets/images/thematic/settings/677542b1-01ab-4007-8174-d464bf1030a2.png]]></FocusContentURL>
					<ElementAction>
						<ActionType>4</ActionType>
						<ActionURL><![CDATA[/iptvepg/frame/iptvEntry.jsp?Action=30]]></ActionURL>
						<Params>
							<Param name="ActionName"><![CDATA[com.android.ctc.iptv]]></Param>
						</Params>
					</ElementAction>
					<ExtraData>
						<Param name="ExtraDataType"><![CDATA[ott]]></Param>
						<Param name="index"><![CDATA[1]]></Param>
						<Param name="name"><![CDATA[Urutan Saluran]]></Param>
					</ExtraData>
				</ElementData>
			</ElementDatas>
		</Element>
		<Element id="201945" type="image" canfocus="true" autoswitchtime="4">
			<ElementDatas>
				<ElementData order="">
					<ElementName><![CDATA[Sound_display]]></ElementName>
					<ElementDesc><![CDATA[Sound_display]]></ElementDesc>
					<ElementStatisticDesc><![CDATA[]]></ElementStatisticDesc>
					<ContentURL><![CDATA[1080p_id/assets/images/thematic/settings/3954b541-75de-4891-968f-ac4541498962.png]]></ContentURL>
					<BackGroundContentURL><![CDATA[]]></BackGroundContentURL>
					<FocusContentURL><![CDATA[1080p_id/assets/images/thematic/settings/bbaebd72-7fbc-4493-8af4-b51bff478f8e.png]]></FocusContentURL>
					<ElementAction>
						<ActionType>4</ActionType>
						<ActionURL><![CDATA[]]></ActionURL>
						<Params>
							<Param name="ActionName"><![CDATA[zte.android.action.displaysetting]]></Param>
						</Params>
					</ElementAction>
					<ExtraData>
						<Param name="ExtraParamData"><![CDATA[display.1]]></Param>
						<Param name="index"><![CDATA[2]]></Param>
						<Param name="name"><![CDATA[Gambar & Suara]]></Param>
					</ExtraData>
				</ElementData>
			</ElementDatas>
		</Element>
		<Element id="201940" type="image" canfocus="true" autoswitchtime="4">
			<ElementDatas>
				<ElementData order="">
					<ElementName><![CDATA[Language]]></ElementName>
					<ElementDesc><![CDATA[Language]]></ElementDesc>
					<ElementStatisticDesc><![CDATA[]]></ElementStatisticDesc>
					<ContentURL><![CDATA[1080p_id/assets/images/thematic/settings/8c4164d4-1771-4fd2-bef5-5c88f1870b13.png]]></ContentURL>
					<BackGroundContentURL><![CDATA[]]></BackGroundContentURL>
					<FocusContentURL><![CDATA[1080p_id/assets/images/thematic/settings/56c0e55a-cf9c-46a7-8f17-b881410daf31.png]]></FocusContentURL>
					<ElementAction>
						<ActionType>4</ActionType>
						<ActionURL><![CDATA[]]></ActionURL>
						<Params>
							<Param name="ActionName"><![CDATA[zte.android.action.languagesetting]]></Param>
						</Params>
					</ElementAction>
					<ExtraData>
						<Param name="index"><![CDATA[3]]></Param>
						<Param name="name"><![CDATA[Bahasa]]></Param>
					</ExtraData>
				</ElementData>
			</ElementDatas>
		</Element>
		<Element id="201946" type="image" canfocus="true" autoswitchtime="4">
			<ElementDatas>
				<ElementData order="">
					<ElementName><![CDATA[STB_settings]]></ElementName>
					<ElementDesc><![CDATA[STB_settings]]></ElementDesc>
					<ElementStatisticDesc><![CDATA[]]></ElementStatisticDesc>
					<ContentURL><![CDATA[1080p_id/assets/images/thematic/settings/8f0876bb-5e9a-44df-9471-5acded9e428a.png]]></ContentURL>
					<BackGroundContentURL><![CDATA[]]></BackGroundContentURL>
					<FocusContentURL><![CDATA[1080p_id/assets/images/thematic/settings/edf84d94-1307-4292-987c-04c329def265.png]]></FocusContentURL>
					<ElementAction>
						<ActionType>4</ActionType>
						<ActionURL><![CDATA[]]></ActionURL>
						<Params>
							<Param name="ActionName"><![CDATA[zte.android.action.accounttksetting]]></Param>
						</Params>
					</ElementAction>
					<ExtraData>
						<Param name="ExtraParamData"><![CDATA[3]]></Param>
						<Param name="index"><![CDATA[4]]></Param>
						<Param name="name"><![CDATA[Pengaturan STB]]></Param>
					</ExtraData>
				</ElementData>
			</ElementDatas>
		</Element>
		<Element id="201941" type="image" canfocus="true" autoswitchtime="4">
			<ElementDatas>
				<ElementData order="">
					<ElementName><![CDATA[Network]]></ElementName>
					<ElementDesc><![CDATA[Network]]></ElementDesc>
					<ElementStatisticDesc><![CDATA[]]></ElementStatisticDesc>
					<ContentURL><![CDATA[1080p_id/assets/images/thematic/settings/2d23f4d1-2ace-4008-98a5-46efb982e4f8.png]]></ContentURL>
					<BackGroundContentURL><![CDATA[]]></BackGroundContentURL>
					<FocusContentURL><![CDATA[1080p_id/assets/images/thematic/settings/3915eca0-e827-44df-80ae-53ba3a4060b1.png]]></FocusContentURL>
					<ElementAction>
						<ActionType>4</ActionType>
						<ActionURL><![CDATA[]]></ActionURL>
						<Params>
							<Param name="ActionName"><![CDATA[zte.android.action.networksetting]]></Param>
						</Params>
					</ElementAction>
					<ExtraData>
						<Param name="ExtraParamData"><![CDATA[network.1|2|3|4|5]]></Param>
						<Param name="index"><![CDATA[5]]></Param>
						<Param name="name"><![CDATA[Jaringan]]></Param>
					</ExtraData>
				</ElementData>
			</ElementDatas>
		</Element>
		<Element id="201942" type="image" canfocus="true" autoswitchtime="4">
			<ElementDatas>
				<ElementData order="">
					<ElementName><![CDATA[Diagnose]]></ElementName>
					<ElementDesc><![CDATA[Diagnose]]></ElementDesc>
					<ElementStatisticDesc><![CDATA[]]></ElementStatisticDesc>
					<ContentURL><![CDATA[1080p_id/assets/images/thematic/settings/eceb383f-159f-4e0b-bdac-df644ca2aae9.png]]></ContentURL>
					<BackGroundContentURL><![CDATA[]]></BackGroundContentURL>
					<FocusContentURL><![CDATA[1080p_id/assets/images/thematic/settings/173e86f7-f905-4582-b600-cd28f5191b7e.png]]></FocusContentURL>
					<ElementAction>
						<ActionType>4</ActionType>
						<ActionURL><![CDATA[]]></ActionURL>
						<Params>
							<Param name="ActionName"><![CDATA[zte.android.action.networkdetect]]></Param>
						</Params>
					</ElementAction>
					<ExtraData>
						<Param name="name"><![CDATA[Diagnosis]]></Param>
						<Param name="ExtraParamData"><![CDATA[ott]]></Param>
					</ExtraData>
				</ElementData>
			</ElementDatas>
		</Element>
		<Element id="201943" type="image" canfocus="true" autoswitchtime="4">
			<ElementDatas>
				<ElementData order="">
					<ElementName><![CDATA[Date Time]]></ElementName>
					<ElementDesc><![CDATA[Date Time]]></ElementDesc>
					<ElementStatisticDesc><![CDATA[]]></ElementStatisticDesc>
					<ContentURL><![CDATA[1080p_id/assets/images/thematic/settings/0297d1d3-2e4a-4b78-a590-86745e647969.png]]></ContentURL>
					<BackGroundContentURL><![CDATA[]]></BackGroundContentURL>
					<FocusContentURL><![CDATA[1080p_id/assets/images/thematic/settings/e65b51dc-8575-4a86-bc2d-43784788ac47.png]]></FocusContentURL>
					<ElementAction>
						<ActionType>4</ActionType>
						<ActionURL><![CDATA[]]></ActionURL>
						<Params>
							<Param name="ActionName"><![CDATA[zte.android.action.datetimesetting]]></Param>
						</Params>
					</ElementAction>
					<ExtraData>
						<Param name="name"><![CDATA[Waktu & Tanggal]]></Param>
					</ExtraData>
				</ElementData>
			</ElementDatas>
		</Element>
		<Element id="201944" type="image" canfocus="true" autoswitchtime="4">
			<ElementDatas>
				<ElementData order="">
					<ElementName><![CDATA[Storage]]></ElementName>
					<ElementDesc><![CDATA[Storage]]></ElementDesc>
					<ElementStatisticDesc><![CDATA[]]></ElementStatisticDesc>
					<ContentURL><![CDATA[1080p_id/assets/images/thematic/settings/4d4dfc3f-8148-4710-b7cb-907506421e97.png]]></ContentURL>
					<BackGroundContentURL><![CDATA[]]></BackGroundContentURL>
					<FocusContentURL><![CDATA[1080p_id/assets/images/thematic/settings/b791cbdf-2cb9-40f2-a775-01b0728aa3ad.png]]></FocusContentURL>
					<ElementAction>
						<ActionType>4</ActionType>
						<ActionURL><![CDATA[]]></ActionURL>
						<Params>
							<Param name="ActionName"><![CDATA[zte.android.action.memorysetting]]></Param>
						</Params>
					</ElementAction>
					<ExtraData>
						<Param name="name"><![CDATA[Penyimpanan]]></Param>
					</ExtraData>
				</ElementData>
			</ElementDatas>
		</Element>
		<Element id="201947" type="image" canfocus="true" autoswitchtime="4">
			<ElementDatas>
				<ElementData order="">
					<ElementName><![CDATA[About]]></ElementName>
					<ElementDesc><![CDATA[About]]></ElementDesc>
					<ElementStatisticDesc><![CDATA[]]></ElementStatisticDesc>
					<ContentURL><![CDATA[1080p_id/assets/images/thematic/settings/492ad22c-de69-4055-9548-d94968c1689b.png]]></ContentURL>
					<BackGroundContentURL><![CDATA[]]></BackGroundContentURL>
					<FocusContentURL><![CDATA[1080p_id/assets/images/thematic/settings/14f498f6-7335-4567-9272-e7fa7ee55469.png]]></FocusContentURL>
					<ElementAction>
						<ActionType>4</ActionType>
						<ActionURL><![CDATA[]]></ActionURL>
						<Params>
							<Param name="ActionName"><![CDATA[zte.android.action.abouttksetting]]></Param>
						</Params>
					</ElementAction>
					<ExtraData>
						<Param name="name"><![CDATA[Tentang]]></Param>
						<Param name="ExtraParamData"><![CDATA[2]]></Param>
					</ExtraData>
				</ElementData>
			</ElementDatas>
		</Element>
	</Elements>
</LauncherData>