<?xml version="1.0" encoding="UTF-8"?>
<LauncherLayout version="1534609300253">
	<PageCommon>
		<DefaultBackground><![CDATA[1080p_id/assets/images/thematic/background/bg.jpg]]></DefaultBackground>
		<FocusNavBgImg><![CDATA[]]></FocusNavBgImg>
		<Margin left="66" top="12" right="66" bottom="12" />
		<Spacing width="8" height="10" />
	</PageCommon>
	<PageList MaxPageNumber="20">
		<Page id="200250" order="1" width="5" height="2">
			<PageName><![CDATA[TOKO]]></PageName>
			<PageBackground><![CDATA[]]></PageBackground>
			<FontStyle><![CDATA[normal]]></FontStyle>
			<FontSize>26</FontSize>
			<FontColor><![CDATA[#ffffff]]></FontColor>
			<Elements>
				<Element id="201901" type="image" left="1" top="1" width="2" height="1" />
				<Element id="201904" type="image" left="3" top="1" width="1" height="1" />
				<Element id="201902" type="image" left="4" top="1" width="2" height="1" />
				<Element id="201903" type="image" left="1" top="2" width="2" height="1" />
				<Element id="202398" type="image" left="4" top="2" width="2" height="1" />
				<Element id="202590" type="image" left="3" top="2" width="1" height="1" />
			</Elements>
		</Page>
		<Page id="200253" order="2" width="5" height="2">
			<PageName><![CDATA[VIDEO]]></PageName>
			<PageBackground><![CDATA[]]></PageBackground>
			<FontStyle><![CDATA[normal]]></FontStyle>
			<FontSize>26</FontSize>
			<FontColor><![CDATA[#ffffff]]></FontColor>
			<Elements>
				<Element id="201923" type="image" left="1" top="1" width="2" height="1" />
				<Element id="201925" type="image" left="1" top="2" width="1" height="1" />
				<Element id="201926" type="image" left="2" top="2" width="1" height="1" />
				<Element id="202284" type="image" left="5" top="1" width="1" height="1" />
				<Element id="202303" type="image" left="3" top="1" width="1" height="1" />
				<Element id="202363" type="image" left="3" top="2" width="1" height="1" />
				<Element id="202364" type="image" left="4" top="2" width="1" height="1" />
				<Element id="202403" type="image" left="5" top="2" width="1" height="1" />
				<Element id="202405" type="image" left="4" top="1" width="1" height="1" />
			</Elements>
		</Page>
		<Page id="200252" order="3" width="5" height="2">
			<PageName><![CDATA[SALURAN]]></PageName>
			<PageBackground><![CDATA[]]></PageBackground>
			<FontStyle><![CDATA[normal]]></FontStyle>
			<FontSize>26</FontSize>
			<FontColor><![CDATA[#ffffff]]></FontColor>
			<Elements>
				<Element id="201914" type="image" left="1" top="1" width="2" height="1" />
				<Element id="201915" type="image" left="4" top="1" width="2" height="1" />
				<Element id="201921" type="image" left="1" top="2" width="1" height="1" />
				<Element id="201913" type="image" left="3" top="1" width="1" height="1" />
				<Element id="202370" type="image" left="4" top="2" width="1" height="1" />
				<Element id="202371" type="image" left="5" top="2" width="1" height="1" />
				<Element id="202386" type="image" left="2" top="2" width="1" height="1" />
				<Element id="202387" type="image" left="3" top="2" width="1" height="1" />
			</Elements>
		</Page>
		<Page id="200251" order="4" width="5" height="2">
			<PageName><![CDATA[BERANDA]]></PageName>
			<PageBackground><![CDATA[]]></PageBackground>
			<FontStyle><![CDATA[normal]]></FontStyle>
			<FontSize>26</FontSize>
			<FontColor><![CDATA[#ffffff]]></FontColor>
			<Elements>
				<Element id="201905" type="image" left="3" top="1" width="2" height="1" />
				<Element id="201906" type="image" left="1" top="1" width="2" height="1" />
				<Element id="201907" type="image" left="1" top="2" width="1" height="1" />
				<Element id="201911" type="image" left="4" top="2" width="1" height="1" />
				<Element id="201908" type="image" left="3" top="2" width="1" height="1" />
				<Element id="201909" type="image" left="2" top="2" width="1" height="1" />
				<Element id="201910" type="image" left="5" top="2" width="1" height="1" />
				<Element id="201912" type="image" left="5" top="1" width="1" height="1" />
			</Elements>
		</Page>
		<Page id="200254" order="5" width="5" height="2">
			<PageName><![CDATA[APPS]]></PageName>
			<PageType><![CDATA[app]]></PageType>
			<PageBackground><![CDATA[]]></PageBackground>
			<FontStyle><![CDATA[normal]]></FontStyle>
			<FontSize>26</FontSize>
			<FontColor><![CDATA[#ffffff]]></FontColor>
			<Elements>
				<Element id="201929" type="image" left="1" top="1" width="1" height="1" />
				<Element id="201935" type="image" left="2" top="1" width="1" height="1" />
				<Element id="201930" type="image" left="3" top="1" width="1" height="1" />
				<Element id="201928" type="image" left="4" top="1" width="1" height="1" />
				<Element id="201931" type="image" left="5" top="1" width="1" height="1" />
				<Element id="201932" type="image" left="1" top="2" width="1" height="1" />
				<Element id="201936" type="image" left="2" top="2" width="1" height="1" />
				<Element id="201937" type="image" left="3" top="2" width="1" height="1" />
				<Element id="201933" type="image" left="4" top="2" width="1" height="1" />
				<Element id="201934" type="image" left="5" top="2" width="1" height="1" />
			</Elements>
		</Page>
		<Page id="200255" order="6" width="5" height="2">
			<PageName><![CDATA[PENGATURAN]]></PageName>
			<PageType><![CDATA[setting]]></PageType>
			<PageBackground><![CDATA[]]></PageBackground>
			<FontStyle><![CDATA[normal]]></FontStyle>
			<FontSize>26</FontSize>
			<FontColor><![CDATA[#ffffff]]></FontColor>
			<Elements>
				<Element id="201938" type="image" left="1" top="1" width="1" height="1" />
				<Element id="201939" type="image" left="2" top="1" width="1" height="1" />
				<Element id="201945" type="image" left="3" top="1" width="1" height="1" />
				<Element id="201940" type="image" left="4" top="1" width="1" height="1" />
				<Element id="201946" type="image" left="5" top="1" width="1" height="1" />
				<Element id="201941" type="image" left="1" top="2" width="1" height="1" />
				<Element id="201942" type="image" left="2" top="2" width="1" height="1" />
				<Element id="201943" type="image" left="3" top="2" width="1" height="1" />
				<Element id="201944" type="image" left="4" top="2" width="1" height="1" />
				<Element id="201947" type="image" left="5" top="2" width="1" height="1" />
			</Elements>
		</Page>
	</PageList>
</LauncherLayout>