<?xml version="1.0" encoding="UTF-8"?>
<LauncherData id="200251" version="1535384209536">
	<Elements>
		<Element id="201905" type="image" canfocus="true" defaultfocus="true" autoswitchtime="4">
			<ElementDatas>
				<ElementData order="">
					<ElementName><![CDATA[TV_Channels]]></ElementName>
					<ElementDesc><![CDATA[TV_Channels]]></ElementDesc>
					<ElementStatisticDesc><![CDATA[]]></ElementStatisticDesc>
					<ContentURL><![CDATA[1080p_id/assets/images/thematic/thematic/fb27f3cf-d9c3-4fe4-a6c2-7def12bb1391.png]]></ContentURL>
					<BackGroundContentURL><![CDATA[]]></BackGroundContentURL>
					<FocusContentURL><![CDATA[1080p_id/assets/images/thematic/thematic/36d20573-4224-4f0c-8ea6-3e1c8d6902ed.png]]></FocusContentURL>
					<ElementAction>
						<ActionType>4</ActionType>
						<ActionURL><![CDATA[/iptvepg/frame/iptvEntry.jsp?Action=3]]></ActionURL>
						<Params>
							<Param name="ActionName"><![CDATA[com.android.ctc.iptv]]></Param>
						</Params>
					</ElementAction>
					<ExtraData>
						<Param name="index"><![CDATA[1]]></Param>
						<Param name="ExtraDataType"><![CDATA[ott]]></Param>
						<Param name="name"><![CDATA[Saluran TV]]></Param>
					</ExtraData>
				</ElementData>
			</ElementDatas>
		</Element>
		<Element id="201906" type="image" canfocus="true" autoswitchtime="4">
			<ElementDatas>
				<ElementData order="">
					<ElementName><![CDATA[geloraasian]]></ElementName>
					<ElementDesc><![CDATA[geloraasian]]></ElementDesc>
					<ElementStatisticDesc><![CDATA[]]></ElementStatisticDesc>
					<ContentURL><![CDATA[1080p_id/assets/images/Ads_Banner/DJI_0007.JPG]]></ContentURL>
					<BackGroundContentURL><![CDATA[]]></BackGroundContentURL>
					<FocusContentURL><![CDATA[]]></FocusContentURL>
					<ElementAction>
						<ActionType>4</ActionType>
						<ActionURL><![CDATA[/iptvepg/frame/iptvEntry.jsp?Action=77]]></ActionURL>
						<Params>
							<Param name="ActionName"><![CDATA[com.android.ctc.iptv]]></Param>
						</Params>
					</ElementAction>
					<ExtraData>
						<Param name="ExtraDataType"><![CDATA[ott]]></Param>
					</ExtraData>
				</ElementData>
				<ElementData order="">
					<ElementName><![CDATA[comedystand]]></ElementName>
					<ElementDesc><![CDATA[comedystand]]></ElementDesc>
					<ElementStatisticDesc><![CDATA[]]></ElementStatisticDesc>
					<ContentURL><![CDATA[1080p_id/assets/images/Ads_Banner/DJI_0010.JPG]]></ContentURL>
					<BackGroundContentURL><![CDATA[]]></BackGroundContentURL>
					<FocusContentURL><![CDATA[]]></FocusContentURL>
					<ElementAction>
						<ActionType></ActionType>
						<ActionURL><![CDATA[/iptvepg/frame/iptvEntry.jsp?Action=77]]></ActionURL>
						<Params>
						</Params>
					</ElementAction>
					<ExtraData>
						<Param name="ExtraDataType"><![CDATA[ott]]></Param>
					</ExtraData>
				</ElementData>
				<ElementData order="">
					<ElementName><![CDATA[devilishappines]]></ElementName>
					<ElementDesc><![CDATA[devilishappines]]></ElementDesc>
					<ElementStatisticDesc><![CDATA[]]></ElementStatisticDesc>
					<ContentURL><![CDATA[1080p_id/assets/images/Ads_Banner/DJI_0014.JPG]]></ContentURL>
					<BackGroundContentURL><![CDATA[]]></BackGroundContentURL>
					<FocusContentURL><![CDATA[]]></FocusContentURL>
					<ElementAction>
						<ActionType></ActionType>
						<ActionURL><![CDATA[/iptvepg/frame/iptvEntry.jsp?Action=77]]></ActionURL>
						<Params>
						</Params>
					</ElementAction>
					<ExtraData>
						<Param name="ExtraDataType"><![CDATA[ott]]></Param>
					</ExtraData>
				</ElementData>
				<ElementData order="">
					<ElementName><![CDATA[womanpatrol]]></ElementName>
					<ElementDesc><![CDATA[womanpatrol]]></ElementDesc>
					<ElementStatisticDesc><![CDATA[]]></ElementStatisticDesc>
					<ContentURL><![CDATA[1080p_id/assets/images/Ads_Banner/DJI_0018.JPG]]></ContentURL>
					<BackGroundContentURL><![CDATA[]]></BackGroundContentURL>
					<FocusContentURL><![CDATA[]]></FocusContentURL>
					<ElementAction>
						<ActionType></ActionType>
						<ActionURL><![CDATA[/iptvepg/frame/iptvEntry.jsp?Action=66]]></ActionURL>
						<Params>
						</Params>
					</ElementAction>
					<ExtraData>
						<Param name="ExtraDataType"><![CDATA[ott]]></Param>
					</ExtraData>
				</ElementData>
				<ElementData order="">
					<ElementName><![CDATA[gempitaasiangames]]></ElementName>
					<ElementDesc><![CDATA[gempitaasiangames]]></ElementDesc>
					<ElementStatisticDesc><![CDATA[]]></ElementStatisticDesc>
					<ContentURL><![CDATA[1080p_id/assets/images/Ads_Banner/DJI_0022.JPG]]></ContentURL>
					<BackGroundContentURL><![CDATA[]]></BackGroundContentURL>
					<FocusContentURL><![CDATA[]]></FocusContentURL>
					<ElementAction>
						<ActionType>4</ActionType>
						<ActionURL><![CDATA[/iptvepg/frame/iptvEntry.jsp?Action=77]]></ActionURL>
						<Params>
							<Param name="ActionName"><![CDATA[com.android.ctc.iptv]]></Param>
						</Params>
					</ElementAction>
					<ExtraData>
						<Param name="ExtraDataType"><![CDATA[ott]]></Param>
					</ExtraData>
				</ElementData>
			</ElementDatas>
		</Element>
		<Element id="201907" type="image" canfocus="true" autoswitchtime="4">
			<ElementDatas>
				<ElementData order="">
					<ElementName><![CDATA[TV_guide]]></ElementName>
					<ElementDesc><![CDATA[TV_guide]]></ElementDesc>
					<ElementStatisticDesc><![CDATA[]]></ElementStatisticDesc>
					<ContentURL><![CDATA[1080p_id/assets/images/thematic/thematic/da39d45b-e32d-46a7-bc4b-fd3da6e20595.png]]></ContentURL>
					<BackGroundContentURL><![CDATA[]]></BackGroundContentURL>
					<FocusContentURL><![CDATA[1080p_id/assets/images/thematic/thematic/7b14a3ea-38de-4d29-b4ba-ca84e32abeec.png]]></FocusContentURL>
					<ElementAction>
						<ActionType>4</ActionType>
						<ActionURL><![CDATA[/iptvepg/frame/iptvEntry.jsp?Action=1]]></ActionURL>
						<Params>
							<Param name="ActionName"><![CDATA[com.android.ctc.iptv]]></Param>
						</Params>
					</ElementAction>
					<ExtraData>
						<Param name="name"><![CDATA[Panduan TV]]></Param>
						<Param name="index"><![CDATA[6]]></Param>
						<Param name="ExtraDataType"><![CDATA[ott]]></Param>
					</ExtraData>
				</ElementData>
			</ElementDatas>
		</Element>
		<Element id="201911" type="image" canfocus="true" autoswitchtime="4">
			<ElementDatas>
				<ElementData order="">
					<ElementName><![CDATA[My_Favorite]]></ElementName>
					<ElementDesc><![CDATA[My_Favorite]]></ElementDesc>
					<ElementStatisticDesc><![CDATA[]]></ElementStatisticDesc>
					<ContentURL><![CDATA[1080p_id/assets/images/thematic/thematic_home/magicbox.png]]></ContentURL>
					<BackGroundContentURL><![CDATA[]]></BackGroundContentURL>
					<FocusContentURL><![CDATA[1080p_id/assets/images/thematic/thematic_home/magicbox_focus.png]]></FocusContentURL>
					<ElementAction>
						<ActionType>4</ActionType>
						<ActionURL><![CDATA[]]></ActionURL>
						<Params>
							<Param name="PackageName"><![CDATA[xyz.mgmob.app]]></Param>
						</Params>
					</ElementAction>
					<ExtraData>
						<Param name="name"><![CDATA[MagicBox]]></Param>
						<Param name="ExtraDataType"><![CDATA[ott]]></Param>
						<Param name="index"><![CDATA[5]]></Param>
					</ExtraData>
				</ElementData>
			</ElementDatas>
		</Element>
		<Element id="201908" type="image" canfocus="true" autoswitchtime="4">
			<ElementDatas>
				<ElementData order="">
					<ElementName><![CDATA[Last_Viewed]]></ElementName>
					<ElementDesc><![CDATA[Last_Viewed]]></ElementDesc>
					<ElementStatisticDesc><![CDATA[]]></ElementStatisticDesc>
					<ContentURL><![CDATA[1080p_id/assets/images/thematic/thematic_home/youtube_tv.png]]></ContentURL>
					<BackGroundContentURL><![CDATA[]]></BackGroundContentURL>
					<FocusContentURL><![CDATA[1080p_id/assets/images/thematic/thematic_home/youtube_tv-focus.png]]></FocusContentURL>
					<ElementAction>
						<ActionType>4</ActionType>
						<ActionURL><![CDATA[]]></ActionURL>
						<Params>
							<Param name="PackageName"><![CDATA[com.google.android.youtube.tv]]></Param>
						</Params>
					</ElementAction>
					<ExtraData>
						<Param name="ExtraDataType"><![CDATA[ott]]></Param>
						<Param name="index"><![CDATA[4]]></Param>
						<Param name="name"><![CDATA[YouTube TV]]></Param>
					</ExtraData>
				</ElementData>
			</ElementDatas>
		</Element>
		<Element id="201909" type="image" canfocus="true" autoswitchtime="4">
			<ElementDatas>
				<ElementData order="">
					<ElementName><![CDATA[TVOD]]></ElementName>
					<ElementDesc><![CDATA[TVOD]]></ElementDesc>
					<ElementStatisticDesc><![CDATA[]]></ElementStatisticDesc>
					<ContentURL><![CDATA[1080p_id/assets/images/thematic/thematic_home/997cb654-24a7-4c2c-ab31-256115f99301.png]]></ContentURL>
					<BackGroundContentURL><![CDATA[]]></BackGroundContentURL>
					<FocusContentURL><![CDATA[1080p_id/assets/images/thematic/thematic_home/554a7b6e-def2-48f4-9d02-e89a0210ad5e.png]]></FocusContentURL>
					<ElementAction>
						<ActionType>4</ActionType>
						<ActionURL><![CDATA[/iptvepg/frame/iptvEntry.jsp?Action=4]]></ActionURL>
						<Params>
							<Param name="ActionName"><![CDATA[com.android.ctc.iptv]]></Param>
						</Params>
					</ElementAction>
					<ExtraData>
						<Param name="index"><![CDATA[7]]></Param>
						<Param name="ExtraDataType"><![CDATA[ott]]></Param>
					</ExtraData>
				</ElementData>
			</ElementDatas>
		</Element>
		<Element id="201910" type="image" canfocus="true" autoswitchtime="4">
			<ElementDatas>
				<ElementData order="">
					<ElementName><![CDATA[Top_Program]]></ElementName>
					<ElementDesc><![CDATA[Top_Program]]></ElementDesc>
					<ElementStatisticDesc><![CDATA[]]></ElementStatisticDesc>
					<ContentURL><![CDATA[1080p_id/assets/images/thematic/thematic_home/settings.png]]></ContentURL>
					<BackGroundContentURL><![CDATA[]]></BackGroundContentURL>
					<FocusContentURL><![CDATA[1080p_id/assets/images/thematic/thematic_home/settings_focus.png]]></FocusContentURL>
					<ElementAction>
						<ActionType>4</ActionType>
						<ActionURL><![CDATA[]]></ActionURL>
						<Params>
							<Param name="PackageName"><![CDATA[com.android.tv.settings]]></Param>
						</Params>
					</ElementAction>
					<ExtraData>
						<Param name="name"><![CDATA[Pengaturan]]></Param>
						<Param name="ExtraDataType"><![CDATA[ott]]></Param>
					</ExtraData>
				</ElementData>
			</ElementDatas>
		</Element>
		<Element id="201912" type="image" canfocus="true" autoswitchtime="4">
			<ElementDatas>
				<ElementData order="">
					<ElementName><![CDATA[user_guide]]></ElementName>
					<ElementDesc><![CDATA[user_guide]]></ElementDesc>
					<ElementStatisticDesc><![CDATA[]]></ElementStatisticDesc>
					<ContentURL><![CDATA[1080p_id/assets/images/thematic/thematic_home/netflix.png]]></ContentURL>
					<BackGroundContentURL><![CDATA[]]></BackGroundContentURL>
					<FocusContentURL><![CDATA[1080p_id/assets/images/thematic/thematic_home/netflix_focus.png]]></FocusContentURL>
					<ElementAction>
						<ActionType>4</ActionType>
						<ActionURL><![CDATA[]]></ActionURL>
						<Params>
							<Param name="PackageName"><![CDATA[com.netflix.mediaclient]]></Param>
						</Params>
					</ElementAction>
					<ExtraData>
						<Param name="ExtraDataType"><![CDATA[ott]]></Param>
						<Param name="name"><![CDATA[Netflix]]></Param>
					</ExtraData>
				</ElementData>
			</ElementDatas>
		</Element>
	</Elements>
</LauncherData>