<?xml version="1.0" encoding="UTF-8"?>
<Launcher>
	<Pctkey value="COPY49OFrjzh2i"/>
	<Config startTime="" endTime=""/>
	<Layout version="1534609300253" file="1080p_id/launcher_layout.xml"/>
	<CommonData version="1534152321244" file="1080p_id/launcher_data_common.xml"/>
	<Pages>
		<Page id="200250" version="1535018405709" file="1080p_id/launcher_data_page_200250.xml"/>
		<Page id="200253" version="1535299325775" file="1080p_id/launcher_data_page_200253.xml"/>
		<Page id="200252" version="1535442098214" file="1080p_id/launcher_data_page_200252.xml"/>
		<Page id="200251" version="1535384209536" file="1080p_id/launcher_data_page_200251.xml"/>
		<Page id="200254" version="1501655292402" file="1080p_id/launcher_data_page_200254.xml"/>
		<Page id="200255" version="1525229599946" file="1080p_id/launcher_data_page_200255.xml"/>
	</Pages>
    <Resource version="1535442098214" file="1080p_idAll.zip" filesize="2282166" filesign="c5c66d511f898c8a2d4ff1819d1634ff"/>
</Launcher>
